realm,process,prosub,sub,V
Doing,Material,Material,Dispositive,absorb
Doing,Material,Material,Dispositive,accompani
Doing,Material,Material,Dispositive,acquir
Doing,Material,Material,Dispositive,add
Doing,Material,Material,Dispositive,appli
Doing,Material,Material,Dispositive,adapt
Doing,Material,Material,Dispositive,assist
Doing,Material,Material,Dispositive,belong
Doing,Material,Material,Dispositive,belong becam
Doing,Material,Material,Dispositive,borne
Doing,Material,Material,Dispositive,borrow
Doing,Material,Material,Dispositive,brought
Doing,Material,Material,Dispositive,bring
Doing,Material,Material,Dispositive,can
Doing,Material,Material,Dispositive,carri
Doing,Material,Material,Dispositive,caught
Doing,Material,Material,Dispositive,certifi
Doing,Material,Material,Dispositive,cooper
Doing,Material,Material,Dispositive,collect
Doing,Material,Material,Dispositive,complet
Doing,Material,Material,Dispositive,connect
Doing,Material,Material,Dispositive,constitut
Doing,Material,Material,Dispositive,convert
Doing,Material,Material,Dispositive,convert into
Doing,Material,Material,Dispositive,contain
Doing,Material,Material,Dispositive,contract
Doing,Material,Material,Dispositive,contribut
Doing,Material,Material,Dispositive,cost
Doing,Material,Material,Dispositive,crowd
Doing,Material,Material,Dispositive,delay
Doing,Material,Material,Dispositive,depend
Doing,Material,Material,Dispositive,depend on
Doing,Material,Material,Dispositive,deterior
Doing,Material,Material,Dispositive,distribut
Doing,Material,Material,Dispositive,disappear
Doing,Material,Material,Dispositive,divorc
Doing,Material,Material,Dispositive,embodi
Doing,Material,Material,Dispositive,equip
Doing,Material,Material,Dispositive,exchang
Doing,Material,Material,Dispositive,fail
Doing,Material,Material,Dispositive,fine
Doing,Material,Material,Dispositive,follow
Doing,Material,Material,Dispositive,follow are
Doing,Material,Material,Dispositive,form
Doing,Material,Material,Dispositive,fuel
Doing,Material,Material,Dispositive,fund
Doing,Material,Material,Dispositive,gather
Doing,Material,Material,Dispositive,give
Doing,Material,Material,Dispositive,given
Doing,Material,Material,Dispositive,got
Doing,Material,Material,Dispositive,gotten
Doing,Material,Material,Dispositive,got sack from
Doing,Material,Material,Dispositive,got pick
Doing,Material,Material,Dispositive,get paid
Doing,Material,Material,Dispositive,hand
Doing,Material,Material,Dispositive,held
Doing,Material,Material,Dispositive,hid
Doing,Material,Material,Dispositive,hide
Doing,Material,Material,Dispositive,hire
Doing,Material,Material,Dispositive,import
Doing,Material,Material,Dispositive,includ
Doing,Material,Material,Dispositive,inhabit
Doing,Material,Material,Dispositive,invit
Doing,Material,Material,Dispositive,involv
Doing,Material,Material,Dispositive,involv in
Doing,Material,Material,Dispositive,join
Doing,Material,Material,Dispositive,keep
Doing,Material,Material,Dispositive,kept
Doing,Material,Material,Dispositive,left
Doing,Material,Material,Dispositive,marri
Doing,Material,Material,Dispositive,get married and have
Doing,Material,Material,Dispositive,met
Doing,Material,Material,Dispositive,meet
Doing,Material,Material,Dispositive,meet with
Doing,Material,Material,Dispositive,obtain
Doing,Material,Material,Dispositive,own
Doing,Material,Material,Dispositive,outlast
Doing,Material,Material,Dispositive,particip
Doing,Material,Material,Dispositive,pass
Doing,Material,Material,Dispositive,put
Doing,Material,Material,Dispositive,requir
Doing,Material,Material,Dispositive,required for
Doing,Material,Material,Dispositive,reconnect
Doing,Material,Material,Dispositive,rust out
Doing,Material,Material,Dispositive,got sanction
Doing,Material,Material,Dispositive,scatter like
Doing,Material,Material,Dispositive,spend
Doing,Material,Material,Dispositive,store
Doing,Material,Material,Dispositive,swept
Doing,Material,Material,Dispositive,have been swept
Doing,Material,Material,Dispositive,trap in
Doing,Material,Material,Dispositive,wear
Doing,Material,Material,Dispositive,wore
Doing,Material,Material,Dispositive,windswept
Doing,Material,Material,Dispositive,battl
Doing,Material,Material,Creative,abandon
Doing,Material,Material,Creative,abus
Doing,Material,Material,Creative,acceler
Doing,Material,Material,Creative,accomplish
Doing,Material,Material,Creative,is accomplish with
Doing,Material,Material,Creative,accumul
Doing,Material,Material,Creative,accumulate
Doing,Material,Material,Creative,have accumulated
Doing,Material,Material,Creative,act
Doing,Material,Material,Creative,adjust
Doing,Material,Material,Creative,afflict
Doing,Material,Material,Creative,affect
Doing,Material,Material,Creative,affect by
Doing,Material,Material,Creative,aid
Doing,Material,Material,Creative,alter
Doing,Material,Material,Creative,advanc
Doing,Material,Material,Creative,advertis
Doing,Material,Material,Creative,approach
Doing,Material,Material,Creative,arriv
Doing,Material,Material,Creative,arrives
Doing,Material,Material,Creative,attempt
Doing,Material,Material,Creative,attend
Doing,Material,Material,Creative,attract
Doing,Material,Material,Creative,audit
Doing,Material,Material,Creative,beat
Doing,Material,Material,Creative,began
Doing,Material,Material,Creative,bend
Doing,Material,Material,Creative,bite
Doing,Material,Material,Creative,blew
Doing,Material,Material,Creative,blow
Doing,Material,Material,Creative,blown
Doing,Material,Material,Creative,boil
Doing,Material,Material,Creative,bought
Doing,Material,Material,Creative,book
Doing,Material,Material,Creative,boot
Doing,Material,Material,Creative,broke
Doing,Material,Material,Creative,built
Doing,Material,Material,Creative,build
Doing,Material,Material,Creative,burn
Doing,Material,Material,Creative,bung
Doing,Material,Material,Creative,bust
Doing,Material,Material,Creative,buy
Doing,Material,Material,Creative,camp
Doing,Material,Material,Creative,care work
Doing,Material,Material,Creative,catch
Doing,Material,Material,Creative,caus
Doing,Material,Material,Creative,caus by
Doing,Material,Material,Creative,chang
Doing,Material,Material,Creative,have chang after
Doing,Material,Material,Creative,chang from
Doing,Material,Material,Creative,have chang as
Doing,Material,Material,Creative,has chang in
Doing,Material,Material,Creative,chop
Doing,Material,Material,Creative,came
Doing,Material,Material,Creative,came in
Doing,Material,Material,Creative,come
Doing,Material,Material,Creative,has come out
Doing,Material,Material,Creative,cater
Doing,Material,Material,Creative,clean
Doing,Material,Material,Creative,click
Doing,Material,Material,Creative,close
Doing,Material,Material,Creative,copi
Doing,Material,Material,Creative,cook
Doing,Material,Material,Creative,confront
Doing,Material,Material,Creative,construct
Doing,Material,Material,Creative,control
Doing,Material,Material,Creative,collaps
Doing,Material,Material,Creative,consum
Doing,Material,Material,Creative,cover
Doing,Material,Material,Creative,create
Doing,Material,Material,Creative,crash
Doing,Material,Material,Creative,creat
Doing,Material,Material,Creative,creat without
Doing,Material,Material,Creative,cure
Doing,Material,Material,Creative,cut
Doing,Material,Material,Creative,cut out
Doing,Material,Material,Creative,cycl
Doing,Material,Material,Creative,dawn
Doing,Material,Material,Creative,deal
Doing,Material,Material,Creative,deal with
Doing,Material,Material,Creative,dealt with
Doing,Material,Material,Creative,decreas
Doing,Material,Material,Creative,has decreas
Doing,Material,Material,Creative,defend
Doing,Material,Material,Creative,demonstr
Doing,Material,Material,Creative,deplet
Doing,Material,Material,Creative,devolv
Doing,Material,Material,Creative,destroy
Doing,Material,Material,Creative,destruct
Doing,Material,Material,Creative,deliv
Doing,Material,Material,Creative,did
Doing,Material,Material,Creative,did this to
Doing,Material,Material,Creative,did thto
Doing,Material,Material,Creative,did befor
Doing,Material,Material,Creative,diminish
Doing,Material,Material,Creative,disloc
Doing,Material,Material,Creative,do
Doing,Material,Material,Creative,do let
Doing,Material,Material,Creative,let do
Doing,Material,Material,Creative,doe
Doing,Material,Material,Creative,domin
Doing,Material,Material,Creative,donat
Doing,Material,Material,Creative,done
Doing,Material,Material,Creative,drag
Doing,Material,Material,Creative,draw
Doing,Material,Material,Creative,drawn
Doing,Material,Material,Creative,drew
Doing,Material,Material,Creative,drive
Doing,Material,Material,Creative,drove
Doing,Material,Material,Creative,dress
Doing,Material,Material,Creative,drill
Doing,Material,Material,Creative,drop
Doing,Material,Material,Creative,drum
Doing,Material,Material,Creative,earn
Doing,Material,Material,Creative,enforc
Doing,Material,Material,Creative,escap
Doing,Material,Material,Creative,elimin
Doing,Material,Material,Creative,emerg
Doing,Material,Material,Creative,employ
Doing,Material,Material,Creative,enhanc
Doing,Material,Material,Creative,enslav
Doing,Material,Material,Creative,erad
Doing,Material,Material,Creative,evolv
Doing,Material,Material,Creative,exercis
Doing,Material,Material,Creative,expand
Doing,Material,Material,Creative,exploit
Doing,Material,Material,Creative,explod
Doing,Material,Material,Creative,extend
Doing,Material,Material,Creative,feed
Doing,Material,Material,Creative,fill up
Doing,Material,Material,Creative,fight
Doing,Material,Material,Creative,fight against
Doing,Material,Material,Creative,fight for
Doing,Material,Material,Creative,fill
Doing,Material,Material,Creative,flood
Doing,Material,Material,Creative,flow
Doing,Material,Material,Creative,finish
Doing,Material,Material,Creative,fix
Doing,Material,Material,Creative,fli
Doing,Material,Material,Creative,forc
Doing,Material,Material,Creative,forg
Doing,Material,Material,Creative,fought
Doing,Material,Material,Creative,fuck
Doing,Material,Material,Creative,fulfil
Doing,Material,Material,Creative,function
Doing,Material,Material,Creative,gain
Doing,Material,Material,Creative,gave
Doing,Material,Material,Creative,get
Doing,Material,Material,Creative,generat
Doing,Material,Material,Creative,gig
Doing,Material,Material,Creative,goe
Doing,Material,Material,Creative,been go with
Doing,Material,Material,Creative,govern
Doing,Material,Material,Creative,govern with
Doing,Material,Material,Creative,grab
Doing,Material,Material,Creative,handl
Doing,Material,Material,Creative,hang
Doing,Material,Material,Creative,happen
Doing,Material,Material,Creative,happen in
Doing,Material,Material,Creative,happen with
Doing,Material,Material,Creative,has brought about
Doing,Material,Material,Creative,has result in
Doing,Material,Material,Creative,head
Doing,Material,Material,Creative,help
Doing,Material,Material,Creative,help out
Doing,Material,Material,Creative,hit
Doing,Material,Material,Creative,hit with
Doing,Material,Material,Creative,hunt
Doing,Material,Material,Creative,impact
Doing,Material,Material,Creative,implement
Doing,Material,Material,Creative,imprison
Doing,Material,Material,Creative,improv
Doing,Material,Material,Creative,increas
Doing,Material,Material,Creative,influenc
Doing,Material,Material,Creative,infus
Doing,Material,Material,Creative,induc
Doing,Material,Material,Creative,infect
Doing,Material,Material,Creative,inflat
Doing,Material,Material,Creative,inject
Doing,Material,Material,Creative,invest
Doing,Material,Material,Creative,isol
Doing,Material,Material,Creative,jump
Doing,Material,Material,Creative,jump over
Doing,Material,Material,Creative,kick
Doing,Material,Material,Creative,kill
Doing,Material,Material,Creative,lay
Doing,Material,Material,Creative,lead
Doing,Material,Material,Creative,leav
Doing,Material,Material,Creative,led
Doing,Material,Material,Creative,lend
Doing,Material,Material,Creative,limit
Doing,Material,Material,Creative,lift
Doing,Material,Material,Creative,lock
Doing,Material,Material,Creative,loos
Doing,Material,Material,Creative,loot
Doing,Material,Material,Creative,loot from
Doing,Material,Material,Creative,were loot from
Doing,Material,Material,Creative,lose
Doing,Material,Material,Creative,lost
Doing,Material,Material,Creative,lower
Doing,Material,Material,Creative,made
Doing,Material,Material,Creative,are made at
Doing,Material,Material,Creative,maintain
Doing,Material,Material,Creative,make
Doing,Material,Material,Creative,manag
Doing,Material,Material,Creative,mark
Doing,Material,Material,Creative,mari
Doing,Material,Material,Creative,mask
Doing,Material,Material,Creative,materi
Doing,Material,Material,Creative,melt
Doing,Material,Material,Creative,mess
Doing,Material,Material,Creative,minim
Doing,Material,Material,Creative,mix
Doing,Material,Material,Creative,modifi
Doing,Material,Material,Creative,move
Doing,Material,Material,Creative,move along
Doing,Material,Material,Creative,move in
Doing,Material,Material,Creative,occur
Doing,Material,Material,Creative,occur to
Doing,Material,Material,Creative,occur in
Doing,Material,Material,Creative,offer
Doing,Material,Material,Creative,open
Doing,Material,Material,Creative,oppress
Doing,Material,Material,Creative,organ
Doing,Material,Material,Creative,organis
Doing,Material,Material,Creative,overcam
Doing,Material,Material,Creative,overcom
Doing,Material,Material,Creative,overstep
Doing,Material,Material,Creative,owe
Doing,Material,Material,Creative,pack
Doing,Material,Material,Creative,paid
Doing,Material,Material,Creative,pay
Doing,Material,Material,Creative,persev
Doing,Material,Material,Creative,phone
Doing,Material,Material,Creative,pick
Doing,Material,Material,Creative,came and pick
Doing,Material,Material,Creative,place
Doing,Material,Material,Creative,plant
Doing,Material,Material,Creative,play
Doing,Material,Material,Creative,play at
Doing,Material,Material,Creative,play in
Doing,Material,Material,Creative,play like
Doing,Material,Material,Creative,play on
Doing,Material,Material,Creative,plow
Doing,Material,Material,Creative,plung
Doing,Material,Material,Creative,prepar
Doing,Material,Material,Creative,press
Doing,Material,Material,Creative,protect
Doing,Material,Material,Creative,pollut
Doing,Material,Material,Creative,pour
Doing,Material,Material,Creative,pour into
Doing,Material,Material,Creative,push
Doing,Material,Material,Creative,pull
Doing,Material,Material,Creative,punch
Doing,Material,Material,Creative,purchas
Doing,Material,Material,Creative,pursu
Doing,Material,Material,Creative,practic
Doing,Material,Material,Creative,practis
Doing,Material,Material,Creative,prevent
Doing,Material,Material,Creative,help prevent
Doing,Material,Material,Creative,produc
Doing,Material,Material,Creative,produc by
Doing,Material,Material,Creative,progress
Doing,Material,Material,Creative,prove
Doing,Material,Material,Creative,provid
Doing,Material,Material,Creative,punish
Doing,Material,Material,Creative,prevail
Doing,Material,Material,Creative,qualifi
Doing,Material,Material,Creative,quit
Doing,Material,Material,Creative,rais
Doing,Material,Material,Creative,ravag
Doing,Material,Material,Creative,reach
Doing,Material,Material,Creative,read
Doing,Material,Material,Creative,rebuild
Doing,Material,Material,Creative,receiv
Doing,Material,Material,Creative,reconncet
Doing,Material,Material,Creative,record
Doing,Material,Material,Creative,recycl
Doing,Material,Material,Creative,reduc
Doing,Material,Material,Creative,refin
Doing,Material,Material,Creative,reform
Doing,Material,Material,Creative,reform into
Doing,Material,Material,Creative,regul
Doing,Material,Material,Creative,resurfac and destroy
Doing,Material,Material,Creative,rehears
Doing,Material,Material,Creative,reign
Doing,Material,Material,Creative,reign on 
Doing,Material,Material,Creative,remov
Doing,Material,Material,Creative,renov
Doing,Material,Material,Creative,reopen
Doing,Material,Material,Creative,replac
Doing,Material,Material,Creative,restor
Doing,Material,Material,Creative,restore
Doing,Material,Material,Creative,result
Doing,Material,Material,Creative,result in
Doing,Material,Material,Creative,retreat
Doing,Material,Material,Creative,return
Doing,Material,Material,Creative,revolt
Doing,Material,Material,Creative,were revolt want
Doing,Material,Material,Creative,rest
Doing,Material,Material,Creative,ride
Doing,Material,Material,Creative,rise
Doing,Material,Material,Creative,rob
Doing,Material,Material,Creative,robbed
Doing,Material,Material,Creative,roll
Doing,Material,Material,Creative,rule
Doing,Material,Material,Creative,is rule by
Doing,Material,Material,Creative,rush
Doing,Material,Material,Creative,sack
Doing,Material,Material,Creative,sail
Doing,Material,Material,Creative,sat
Doing,Material,Material,Creative,salvag
Doing,Material,Material,Creative,save
Doing,Material,Material,Creative,scatter
Doing,Material,Material,Creative,secur
Doing,Material,Material,Creative,settl
Doing,Material,Material,Creative,send
Doing,Material,Material,Creative,sent
Doing,Material,Material,Creative,sell
Doing,Material,Material,Creative,serv
Doing,Material,Material,Creative,set
Doing,Material,Material,Creative,sew
Doing,Material,Material,Creative,share
Doing,Material,Material,Creative,shed
Doing,Material,Material,Creative,shape
Doing,Material,Material,Creative,shelter
Doing,Material,Material,Creative,shook
Doing,Material,Material,Creative,shop
Doing,Material,Material,Creative,shot
Doing,Material,Material,Creative,show up
Doing,Material,Material,Creative,shut
Doing,Material,Material,Creative,sign
Doing,Material,Material,Creative,skip
Doing,Material,Material,Creative,slaughter
Doing,Material,Material,Creative,smack
Doing,Material,Material,Creative,smoke
Doing,Material,Material,Creative,sold
Doing,Material,Material,Creative,sort
Doing,Material,Material,Creative,spent
Doing,Material,Material,Creative,spin
Doing,Material,Material,Creative,spread
Doing,Material,Material,Creative,start
Doing,Material,Material,Creative,stir
Doing,Material,Material,Creative,steal
Doing,Material,Material,Creative,steal and control
Doing,Material,Material,Creative,stolen
Doing,Material,Material,Creative,stop
Doing,Material,Material,Creative,stops
Doing,Material,Material,Creative,storm
Doing,Material,Material,Creative,strangl
Doing,Material,Material,Creative,stick
Doing,Material,Material,Creative,sue
Doing,Material,Material,Creative,sunk
Doing,Material,Material,Creative,support
Doing,Material,Material,Creative,suppli
Doing,Material,Material,Creative,stuck
Doing,Material,Material,Creative,struggl
Doing,Material,Material,Creative,sustain
Doing,Material,Material,Creative,switch
Doing,Material,Material,Creative,take
Doing,Material,Material,Creative,taken
Doing,Material,Material,Creative,is taken from
Doing,Material,Material,Creative,tape
Doing,Material,Material,Creative,tape over
Doing,Material,Material,Creative,teach
Doing,Material,Material,Creative,teach and help
Doing,Material,Material,Creative,tear
Doing,Material,Material,Creative,termin
Doing,Material,Material,Creative,test
Doing,Material,Material,Creative,text
Doing,Material,Material,Creative,threaten
Doing,Material,Material,Creative,threw
Doing,Material,Material,Creative,thrown
Doing,Material,Material,Creative,throw
Doing,Material,Material,Creative,tie
Doing,Material,Material,Creative,tidi
Doing,Material,Material,Creative,tighten
Doing,Material,Material,Creative,can tinker
Doing,Material,Material,Creative,took
Doing,Material,Material,Creative,took from
Doing,Material,Material,Creative,torn
Doing,Material,Material,Creative,touch
Doing,Material,Material,Creative,train
Doing,Material,Material,Creative,transmit
Doing,Material,Material,Creative,travel
Doing,Material,Material,Creative,travel across
Doing,Material,Material,Creative,travel around
Doing,Material,Material,Creative,travel at
Doing,Material,Material,Creative,travel by
Doing,Material,Material,Creative,transfer
Doing,Material,Material,Creative,trash
Doing,Material,Material,Creative,tri
Doing,Material,Material,Creative,tri to get
Doing,Material,Material,Creative,tri to give
Doing,Material,Material,Creative,treat
Doing,Material,Material,Creative,turn
Doing,Material,Material,Creative,turn on
Doing,Material,Material,Creative,transform
Doing,Material,Material,Creative,unlock
Doing,Material,Material,Creative,unit
Doing,Material,Material,Creative,upgrad
Doing,Material,Material,Creative,use
Doing,Material,Material,Creative,are use
Doing,Material,Material,Creative,are use by
Doing,Material,Material,Creative,use in
Doing,Material,Material,Creative,vaccin
Doing,Material,Material,Creative,get vaccin against
Doing,Material,Material,Creative,violat
Doing,Material,Material,Creative,wander
Doing,Material,Material,Creative,warm
Doing,Material,Material,Creative,wash
Doing,Material,Material,Creative,went
Doing,Material,Material,Creative,went in
Doing,Material,Material,Creative,went over
Doing,Material,Material,Creative,went with
Doing,Material,Material,Creative,went through
Doing,Material,Material,Creative,wipe
Doing,Material,Material,Creative,work
Doing,Material,Material,Creative,work at
Doing,Material,Material,Creative,work from
Doing,Material,Material,Creative,work in
Doing,Material,Material,Creative,work make
Doing,Material,Material,Creative,work produc
Doing,Material,Material,Creative,work with
Doing,Material,Material,Creative,writ
Doing,Material,Material,Creative,write
Doing,Material,Material,Creative,write about
Doing,Material,Material,Creative,write in
Doing,Material,Material,Creative,written
Doing,Material,Material,Creative,wrote
Doing,Material,Material,Creative,wrote at
Doing,Behavioral,Behavioral,Physiological,ate
Doing,Behavioral,Behavioral,Physiological,awaken
Doing,Behavioral,Behavioral,Physiological,awok
Doing,Behavioral,Behavioral,Physiological,awok with
Doing,Behavioral,Behavioral,Physiological,await
Doing,Behavioral,Behavioral,Physiological,behav
Doing,Behavioral,Behavioral,Physiological,bleed
Doing,Behavioral,Behavioral,Physiological,born
Doing,Behavioral,Behavioral,Physiological,bow
Doing,Behavioral,Behavioral,Physiological,breath
Doing,Behavioral,Behavioral,Physiological,breathe
Doing,Behavioral,Behavioral,Physiological,breath in
Doing,Behavioral,Behavioral,Physiological,burp
Doing,Behavioral,Behavioral,Physiological,calm down
Doing,Behavioral,Behavioral,Physiological,chill
Doing,Behavioral,Behavioral,Physiological,climb
Doing,Behavioral,Behavioral,Physiological,cough
Doing,Behavioral,Behavioral,Physiological,coughing
Doing,Behavioral,Behavioral,Physiological,crack
Doing,Behavioral,Behavioral,Physiological,crumbl
Doing,Behavioral,Behavioral,Physiological,danc
Doing,Behavioral,Behavioral,Physiological,die
Doing,Behavioral,Behavioral,Physiological,did die
Doing,Behavioral,Behavioral,Physiological,die from
Doing,Behavioral,Behavioral,Physiological,did die from
Doing,Behavioral,Behavioral,Physiological,die in
Doing,Behavioral,Behavioral,Physiological,die of
Doing,Behavioral,Behavioral,Physiological,drank
Doing,Behavioral,Behavioral,Physiological,drink
Doing,Behavioral,Behavioral,Physiological,finish drink
Doing,Behavioral,Behavioral,Physiological,eat
Doing,Behavioral,Behavioral,Physiological,eat from
Doing,Behavioral,Behavioral,Physiological,exhaust
Doing,Behavioral,Behavioral,Physiological,expos
Doing,Behavioral,Behavioral,Physiological,faint
Doing,Behavioral,Behavioral,Physiological,fall
Doing,Behavioral,Behavioral,Physiological,fart
Doing,Behavioral,Behavioral,Physiological,fed
Doing,Behavioral,Behavioral,Physiological,fell
Doing,Behavioral,Behavioral,Physiological,flourish
Doing,Behavioral,Behavioral,Physiological,fuckin
Doing,Behavioral,Behavioral,Physiological,hug
Doing,Behavioral,Behavioral,Physiological,live
Doing,Behavioral,Behavioral,Physiological,live below
Doing,Behavioral,Behavioral,Physiological,live on
Doing,Behavioral,Behavioral,Physiological,live with
Doing,Behavioral,Behavioral,Physiological,live without
Doing,Behavioral,Behavioral,Physiological,pee
Doing,Behavioral,Behavioral,Physiological,pish
Doing,Behavioral,Behavioral,Physiological,pose
Doing,Behavioral,Behavioral,Physiological,posed
Doing,Behavioral,Behavioral,Physiological,ran
Doing,Behavioral,Behavioral,Physiological,run
Doing,Behavioral,Behavioral,Physiological,recov
Doing,Behavioral,Behavioral,Physiological,recov from
Doing,Behavioral,Behavioral,Physiological,relax
Doing,Behavioral,Behavioral,Physiological,shit
Doing,Behavioral,Behavioral,Physiological,shite
Doing,Behavioral,Behavioral,Physiological,sit on
Doing,Behavioral,Behavioral,Physiological,smile
Doing,Behavioral,Behavioral,Physiological,smile at
Doing,Behavioral,Behavioral,Physiological,sneez
Doing,Behavioral,Behavioral,Physiological,sneeze
Doing,Behavioral,Behavioral,Physiological,shutter
Doing,Behavioral,Behavioral,Physiological,shutter and left
Doing,Behavioral,Behavioral,Physiological,sit
Doing,Behavioral,Behavioral,Physiological,slept
Doing,Behavioral,Behavioral,Physiological,sleep
Doing,Behavioral,Behavioral,Physiological,was lie sleep
Doing,Behavioral,Behavioral,Physiological,sat up
Doing,Behavioral,Behavioral,Physiological,sit up
Doing,Behavioral,Behavioral,Physiological,squeez
Doing,Behavioral,Behavioral,Physiological,squeak
Doing,Behavioral,Behavioral,Physiological,stand in
Doing,Behavioral,Behavioral,Physiological,stand on
Doing,Behavioral,Behavioral,Physiological,start live
Doing,Behavioral,Behavioral,Physiological,stone
Doing,Behavioral,Behavioral,Physiological,stumble
Doing,Behavioral,Behavioral,Physiological,stumbl upon
Doing,Behavioral,Behavioral,Physiological,suck
Doing,Behavioral,Behavioral,Physiological,suffer from
Doing,Behavioral,Behavioral,Physiological,surviv
Doing,Behavioral,Behavioral,Physiological,did surviv
Doing,Behavioral,Behavioral,Physiological,surviv and
Doing,Behavioral,Behavioral,Physiological,surviv and develop make
Doing,Behavioral,Behavioral,Physiological,surviv and endur
Doing,Behavioral,Behavioral,Physiological,sweat
Doing,Behavioral,Behavioral,Physiological,swim
Doing,Behavioral,Behavioral,Physiological,swim dure
Doing,Behavioral,Behavioral,Physiological,tast
Doing,Behavioral,Behavioral,Physiological,yearn
Doing,Behavioral,Behavioral,Physiological,walk
Doing,Behavioral,Behavioral,Physiological,walk around
Doing,Behavioral,Behavioral,Physiological,continu walk
Doing,Behavioral,Behavioral,Physiological,walk down
Doing,Behavioral,Behavioral,Physiological,walk on
Doing,Behavioral,Behavioral,Physiological,walk out
Doing,Behavioral,Behavioral,Physiological,wake
Doing,Behavioral,Behavioral,Physiological,woke
Doing,Behavioral,Behavioral,Physiological,woken
Doing,Behavioral,Behavioral,Bodily postures,dance
Doing,Behavioral,Behavioral,Bodily postures,shake
Doing,Behavioral,Behavioral,Bodily postures,spit
Doing,Behavioral,Behavioral,Bodily postures,stench
Doing,Behavioral,Behavioral,Bodily postures,step
Doing,Behavioral,Behavioral,Bodily postures,step out
Doing,Behavioral,Behavioral,Bodily postures,stood
Doing,Behavioral,Behavioral,Bodily postures,wake up
Doing,Behavioral,Behavioral,Bodily postures,wet
Doing,Behavioral,Behavioral,Bodily postures,veget
Being,Existential,Existential,Existential,adopt
Being,Existential,Existential,Existential,be equal
Being,Existential,Existential,Existential,be at
Being,Existential,Existential,Existential,be with
Being,Existential,Existential,Existential,begin
Being,Existential,Existential,Existential,begun
Being,Existential,Existential,Existential,begun over
Being,Existential,Existential,Existential,blossom
Being,Existential,Existential,Existential,have blossom
Being,Existential,Existential,Existential,is conducted
Being,Existential,Existential,Existential,had come for
Being,Existential,Existential,Existential,do matter
Being,Existential,Existential,Existential,doe cost
Being,Existential,Existential,Existential,doe do
Being,Existential,Existential,Existential,doe make
Being,Existential,Existential,Existential,doe need
Being,Existential,Existential,Existential,goe on
Being,Existential,Existential,Existential,disappear in
Being,Existential,Existential,Existential,endur
Being,Existential,Existential,Existential,exist
Being,Existential,Existential,Existential,exist befor
Being,Existential,Existential,Existential,exist beyond
Being,Existential,Existential,Existential,exist for 
Being,Existential,Existential,Existential,exist in
Being,Existential,Existential,Existential,came contrast with
Being,Existential,Existential,Existential,can be
Being,Existential,Existential,Existential,grew
Being,Existential,Existential,Existential,grew into
Being,Existential,Existential,Existential,grow
Being,Existential,Existential,Existential,grow in
Being,Existential,Existential,Existential,grown
Being,Existential,Existential,Existential,has end for
Being,Existential,Existential,Existential,has chang after
Being,Existential,Existential,Existential,have end
Being,Existential,Existential,Existential,keep come
Being,Existential,Existential,Existential,last for
Being,Existential,Existential,Existential,impos
Being,Existential,Existential,Existential,imposed on
Being,Existential,Existential,Existential,move on
Being,Existential,Existential,Existential,start from
Being,Existential,Existential,Existential,this is
Being,Existential,Existential,Existential,this was
Being,Existential,Existential,Existential,there are
Being,Existential,Existential,Existential,there is
Being,Existential,Existential,Existential,there was
Being,Existential,Existential,Existential,there were
Being,Existential,Existential,Existential,has turn into
Being,Existential,Existential,Existential,has undergon
Being,Existential,Existential,Existential,were establish
Being,Relational,Relational,Intensive,abid by
Being,Relational,Relational,Intensive,am
Being,Relational,Relational,Intensive,am go to be
Being,Relational,Relational,Intensive,are
Being,Relational,Relational,Intensive,are as
Being,Relational,Relational,Intensive,are from
Being,Relational,Relational,Intensive,are against
Being,Relational,Relational,Intensive,are of
Being,Relational,Relational,Intensive,have arriv via
Being,Relational,Relational,Intensive,aris
Being,Relational,Relational,Intensive,be
Being,Relational,Relational,Intensive,be as
Being,Relational,Relational,Intensive,becam
Being,Relational,Relational,Intensive,becom
Being,Relational,Relational,Intensive,become
Being,Relational,Relational,Intensive,becom flode
Being,Relational,Relational,Intensive,becom of
Being,Relational,Relational,Intensive,becom person
Being,Relational,Relational,Intensive,been
Being,Relational,Relational,Intensive,brought about
Being,Relational,Relational,Intensive,coexist
Being,Relational,Relational,Intensive,came at
Being,Relational,Relational,Intensive,came into
Being,Relational,Relational,Intensive,came out
Being,Relational,Relational,Intensive,circul
Being,Relational,Relational,Intensive,come across
Being,Relational,Relational,Intensive,come and go
Being,Relational,Relational,Intensive,come from
Being,Relational,Relational,Intensive,come on
Being,Relational,Relational,Intensive,come into play
Being,Relational,Relational,Intensive,could be like
Being,Relational,Relational,Intensive,continu
Being,Relational,Relational,Intensive,continu do
Being,Relational,Relational,Intensive,continu in get
Being,Relational,Relational,Intensive,continu live
Being,Relational,Relational,Intensive,continu on
Being,Relational,Relational,Intensive,continu overthrow
Being,Relational,Relational,Intensive,ccontinu tri
Being,Relational,Relational,Intensive,continu with
Being,Relational,Relational,Intensive,continu fight and be
Being,Relational,Relational,Intensive,has gone through
Being,Relational,Relational,Intensive,consist of
Being,Relational,Relational,Intensive,correspond
Being,Relational,Relational,Intensive,embed
Being,Relational,Relational,Intensive,intensifi
Being,Relational,Relational,Intensive,is
Being,Relational,Relational,Intensive,is for
Being,Relational,Relational,Intensive,is made up
Being,Relational,Relational,Intensive,licens for
Being,Relational,Relational,Intensive,like as
Being,Relational,Relational,Intensive,like befor
Being,Relational,Relational,Intensive,like in
Being,Relational,Relational,Intensive,like of
Being,Relational,Relational,Intensive,run on
Being,Relational,Relational,Intensive,turn into
Being,Relational,Relational,Intensive,visit
Being,Relational,Relational,Intensive,was
Being,Relational,Relational,Intensive,was befor
Being,Relational,Relational,Intensive,was that
Being,Relational,Relational,Intensive,were
Being,Relational,Relational,Intensive,were of
Being,Relational,Relational,Intensive,went on
Being,Relational,Relational,Intensive,work as
Being,Relational,Relational,Intensive,work for
Being,Relational,Relational,Intensive,work is
Being,Relational,Relational,Circumstantial,arriv at
Being,Relational,Relational,Circumstantial,at
Being,Relational,Relational,Circumstantial,am live in
Being,Relational,Relational,Circumstantial,am at 
Being,Relational,Relational,Circumstantial,am hang around
Being,Relational,Relational,Circumstantial,are at
Being,Relational,Relational,Circumstantial,are made in
Being,Relational,Relational,Circumstantial,arriv in
Being,Relational,Relational,Circumstantial,attribut
Being,Relational,Relational,Circumstantial,back
Being,Relational,Relational,Circumstantial,base
Being,Relational,Relational,Circumstantial,base on
Being,Relational,Relational,Circumstantial,befor
Being,Relational,Relational,Circumstantial,beforehand
Being,Relational,Relational,Circumstantial,born in
Being,Relational,Relational,Circumstantial,was born on
Being,Relational,Relational,Circumstantial,is born by
Being,Relational,Relational,Circumstantial,boost
Being,Relational,Relational,Circumstantial,boosted during
Being,Relational,Relational,Circumstantial,broke out
Being,Relational,Relational,Circumstantial,broken
Being,Relational,Relational,Circumstantial,came about
Being,Relational,Relational,Circumstantial,came by
Being,Relational,Relational,Circumstantial,came from
Being,Relational,Relational,Circumstantial,come at
Being,Relational,Relational,Circumstantial,come in
Being,Relational,Relational,Circumstantial,come get
Being,Relational,Relational,Circumstantial,came on
Being,Relational,Relational,Circumstantial,come out
Being,Relational,Relational,Circumstantial,come over
Being,Relational,Relational,Circumstantial,die at
Being,Relational,Relational,Circumstantial,drawn from
Being,Relational,Relational,Circumstantial,end 
Being,Relational,Relational,Circumstantial,enter
Being,Relational,Relational,Circumstantial,expir
Being,Relational,Relational,Circumstantial,has enter through
Being,Relational,Relational,Circumstantial,fall on
Being,Relational,Relational,Circumstantial,fill with
Being,Relational,Relational,Circumstantial,is at
Being,Relational,Relational,Circumstantial,is near
Being,Relational,Relational,Circumstantial,is out
Being,Relational,Relational,Circumstantial,in
Being,Relational,Relational,Circumstantial,is produc in
Being,Relational,Relational,Circumstantial,is seiz
Being,Relational,Relational,Circumstantial,is studi in
Being,Relational,Relational,Circumstantial,is visit by
Being,Relational,Relational,Circumstantial,get onto
Being,Relational,Relational,Circumstantial,get out
Being,Relational,Relational,Circumstantial,got out
Being,Relational,Relational,Circumstantial,gather on
Being,Relational,Relational,Circumstantial,go
Being,Relational,Relational,Circumstantial,go and visit 
Being,Relational,Relational,Circumstantial,go over
Being,Relational,Relational,Circumstantial,go with
Being,Relational,Relational,Circumstantial,go through
Being,Relational,Relational,Circumstantial,gone
Being,Relational,Relational,Circumstantial,go out
Being,Relational,Relational,Circumstantial,go outsid
Being,Relational,Relational,Circumstantial,go up
Being,Relational,Relational,Circumstantial,gone by
Being,Relational,Relational,Circumstantial,stay at
Being,Relational,Relational,Circumstantial,was at
Being,Relational,Relational,Circumstantial,were at
Being,Relational,Relational,Circumstantial,went into
Being,Relational,Relational,Circumstantial,am on 
Being,Relational,Relational,Circumstantial,are on
Being,Relational,Relational,Circumstantial,past
Being,Relational,Relational,Circumstantial,be in
Being,Relational,Relational,Circumstantial,got off
Being,Relational,Relational,Circumstantial,held in
Being,Relational,Relational,Circumstantial,is on
Being,Relational,Relational,Circumstantial,land
Being,Relational,Relational,Circumstantial,land in
Being,Relational,Relational,Circumstantial,last
Being,Relational,Relational,Circumstantial,lie
Being,Relational,Relational,Circumstantial,lie on
Being,Relational,Relational,Circumstantial,lie in
Being,Relational,Relational,Circumstantial,live in
Being,Relational,Relational,Circumstantial,on
Being,Relational,Relational,Circumstantial,over
Being,Relational,Relational,Circumstantial,pass befor
Being,Relational,Relational,Circumstantial,resid in
Being,Relational,Relational,Circumstantial,rose
Being,Relational,Relational,Circumstantial,sit in
Being,Relational,Relational,Circumstantial,sit outsid
Being,Relational,Relational,Circumstantial,stand
Being,Relational,Relational,Circumstantial,stand at
Being,Relational,Relational,Circumstantial,stay
Being,Relational,Relational,Circumstantial,stay in
Being,Relational,Relational,Circumstantial,stay after
Being,Relational,Relational,Circumstantial,surround
Being,Relational,Relational,Circumstantial,surround by
Being,Relational,Relational,Circumstantial,wait in
Being,Relational,Relational,Circumstantial,walk in
Being,Relational,Relational,Circumstantial,walk into
Being,Relational,Relational,Circumstantial,was on
Being,Relational,Relational,Circumstantial,were on
Being,Relational,Relational,Circumstantial,walk through
Being,Relational,Relational,Circumstantial,walk toward
Being,Relational,Relational,Circumstantial,were put into
Being,Relational,Relational,Circumstantial,remain
Being,Relational,Relational,Circumstantial,with
Being,Relational,Relational,Circumstantial,withdrawn
Being,Relational,Relational,Possessive,have 
Being,Relational,Relational,Possessive,doe have
Being,Relational,Relational,Possessive,had
Being,Relational,Relational,Possessive,has
Being,Relational,Relational,Possessive,have
Being,Relational,Relational,Possessive,hold
Sensing,Verbal,Verbal,Verbal act,admit
Sensing,Verbal,Verbal,Verbal act,admit that
Sensing,Verbal,Verbal,Verbal act,admit that age
Sensing,Verbal,Verbal,Verbal act,advis
Sensing,Verbal,Verbal,Verbal act,answer
Sensing,Verbal,Verbal,Verbal act,applaud
Sensing,Verbal,Verbal,Verbal act,ask
Sensing,Verbal,Verbal,Verbal act,ask and answer
Sensing,Verbal,Verbal,Verbal act,ban
Sensing,Verbal,Verbal,Verbal act,be said
Sensing,Verbal,Verbal,Verbal act,be said by
Sensing,Verbal,Verbal,Verbal act,call
Sensing,Verbal,Verbal,Verbal act,call at
Sensing,Verbal,Verbal,Verbal act,call for
Sensing,Verbal,Verbal,Verbal act,chirp
Sensing,Verbal,Verbal,Verbal act,communic
Sensing,Verbal,Verbal,Verbal act,communic with
Sensing,Verbal,Verbal,Verbal act,convers
Sensing,Verbal,Verbal,Verbal act,convers with
Sensing,Verbal,Verbal,Verbal act,describ
Sensing,Verbal,Verbal,Verbal act,discuss
Sensing,Verbal,Verbal,Verbal act,discuss if
Sensing,Verbal,Verbal,Verbal act,ensu
Sensing,Verbal,Verbal,Verbal act,ensur that
Sensing,Verbal,Verbal,Verbal act,interview
Sensing,Verbal,Verbal,Verbal act,laugh
Sensing,Verbal,Verbal,Verbal act,laugh exercis
Sensing,Verbal,Verbal,Verbal act,laughs
Sensing,Verbal,Verbal,Verbal act,laughed at
Sensing,Verbal,Verbal,Verbal act,mention
Sensing,Verbal,Verbal,Verbal act,mention that
Sensing,Verbal,Verbal,Verbal act,quiet
Sensing,Verbal,Verbal,Verbal act,recit
Sensing,Verbal,Verbal,Verbal act,remark
Sensing,Verbal,Verbal,Verbal act,said
Sensing,Verbal,Verbal,Verbal act,said are
Sensing,Verbal,Verbal,Verbal act,said at
Sensing,Verbal,Verbal,Verbal act,said if
Sensing,Verbal,Verbal,Verbal act,said is
Sensing,Verbal,Verbal,Verbal act,said like
Sensing,Verbal,Verbal,Verbal act,said listen
Sensing,Verbal,Verbal,Verbal act,salut
Sensing,Verbal,Verbal,Verbal act,say come
Sensing,Verbal,Verbal,Verbal act,say if
Sensing,Verbal,Verbal,Verbal act,say in
Sensing,Verbal,Verbal,Verbal act,sang
Sensing,Verbal,Verbal,Verbal act,sing
Sensing,Verbal,Verbal,Verbal act,sung
Sensing,Verbal,Verbal,Verbal act,say
Sensing,Verbal,Verbal,Verbal act,scream
Sensing,Verbal,Verbal,Verbal act,shout
Sensing,Verbal,Verbal,Verbal act,speak
Sensing,Verbal,Verbal,Verbal act,speak of
Sensing,Verbal,Verbal,Verbal act,spoke
Sensing,Verbal,Verbal,Verbal act,talk
Sensing,Verbal,Verbal,Verbal act,talk about
Sensing,Verbal,Verbal,Verbal act,talk with
Sensing,Verbal,Verbal,Verbal act,tell
Sensing,Verbal,Verbal,Verbal act,told
Sensing,Verbal,Verbal,Verbal act,was told by
Sensing,Verbal,Verbal,Verbal act,yield
Sensing,Verbal,Verbal,Acts verbally,am laugh and joke
Sensing,Verbal,Verbal,Acts verbally,abuse
Sensing,Verbal,Verbal,Acts verbally,accept and offer
Sensing,Verbal,Verbal,Acts verbally,agre
Sensing,Verbal,Verbal,Acts verbally,agre on
Sensing,Verbal,Verbal,Acts verbally,agreed
Sensing,Verbal,Verbal,Acts verbally,apolog
Sensing,Verbal,Verbal,Acts verbally,apolog for
Sensing,Verbal,Verbal,Acts verbally,assur
Sensing,Verbal,Verbal,Acts verbally,ban
Sensing,Verbal,Verbal,Acts verbally,be told
Sensing,Verbal,Verbal,Acts verbally,bestow
Sensing,Verbal,Verbal,Acts verbally,blame
Sensing,Verbal,Verbal,Acts verbally,claim
Sensing,Verbal,Verbal,Acts verbally,claiming that
Sensing,Verbal,Verbal,Acts verbally,complain
Sensing,Verbal,Verbal,Acts verbally,complain about
Sensing,Verbal,Verbal,Acts verbally,contact
Sensing,Verbal,Verbal,Acts verbally,convinc
Sensing,Verbal,Verbal,Acts verbally,confirm
Sensing,Verbal,Verbal,Acts verbally,critisis
Sensing,Verbal,Verbal,Acts verbally,debat
Sensing,Verbal,Verbal,Acts verbally,describe
Sensing,Verbal,Verbal,Acts verbally,describ by
Sensing,Verbal,Verbal,Acts verbally,demand
Sensing,Verbal,Verbal,Acts verbally,disagre
Sensing,Verbal,Verbal,Acts verbally,entitl
Sensing,Verbal,Verbal,Acts verbally,explain
Sensing,Verbal,Verbal,Acts verbally,express with
Sensing,Verbal,Verbal,Acts verbally,greet
Sensing,Verbal,Verbal,Acts verbally,insult
Sensing,Verbal,Verbal,Acts verbally,interact
Sensing,Verbal,Verbal,Acts verbally,joke
Sensing,Verbal,Verbal,Acts verbally,interrupt
Sensing,Verbal,Verbal,Acts verbally,omit
Sensing,Verbal,Verbal,Acts verbally,order
Sensing,Verbal,Verbal,Acts verbally,persuad
Sensing,Verbal,Verbal,Acts verbally,praise
Sensing,Verbal,Verbal,Acts verbally,preach
Sensing,Verbal,Verbal,Acts verbally,present
Sensing,Verbal,Verbal,Acts verbally,proclaim
Sensing,Verbal,Verbal,Acts verbally,prompt
Sensing,Verbal,Verbal,Acts verbally,promot
Sensing,Verbal,Verbal,Acts verbally,promot in
Sensing,Verbal,Verbal,Acts verbally,promis
Sensing,Verbal,Verbal,Acts verbally,propos
Sensing,Verbal,Verbal,Acts verbally,question
Sensing,Verbal,Verbal,Acts verbally,reaffirm
Sensing,Verbal,Verbal,Acts verbally,refer
Sensing,Verbal,Verbal,Acts verbally,remak
Sensing,Verbal,Verbal,Acts verbally,reassur
Sensing,Verbal,Verbal,Acts verbally,state
Sensing,Verbal,Verbal,Acts verbally,suggest
Sensing,Verbal,Verbal,Acts verbally,swear
Sensing,Verbal,Verbal,Acts verbally,welcom
Sensing,Verbal,Verbal,Acts verbally,warnt
Sensing,Verbal,Verbal,Acts verbally,urg
Sensing,Mental,Mental: Perspective,Perspective,acknowledg
Sensing,Mental,Mental: Perspective,Perspective,acknowledg that
Sensing,Mental,Mental: Perspective,Perspective,aim
Sensing,Mental,Mental: Perspective,Perspective,aim at
Sensing,Mental,Mental: Perspective,Perspective,alloc
Sensing,Mental,Mental: Perspective,Perspective,avoid
Sensing,Mental,Mental: Perspective,Perspective,avoid be
Sensing,Mental,Mental: Perspective,Perspective,avoid overcrowd in
Sensing,Mental,Mental: Perspective,Perspective,appear
Sensing,Mental,Mental: Perspective,Perspective,appear is
Sensing,Mental,Mental: Perspective,Perspective,approv
Sensing,Mental,Mental: Perspective,Perspective,blind
Sensing,Mental,Mental: Perspective,Perspective,brace
Sensing,Mental,Mental: Perspective,Perspective,check
Sensing,Mental,Mental: Perspective,Perspective,count
Sensing,Mental,Mental: Perspective,Perspective,discov
Sensing,Mental,Mental: Perspective,Perspective,was discov that
Sensing,Mental,Mental: Perspective,Perspective,distinguish
Sensing,Mental,Mental: Perspective,Perspective,can distinguish
Sensing,Mental,Mental: Perspective,Perspective,display
Sensing,Mental,Mental: Perspective,Perspective,evalu
Sensing,Mental,Mental: Perspective,Perspective,be evalu
Sensing,Mental,Mental: Perspective,Perspective,experi
Sensing,Mental,Mental: Perspective,Perspective,experienc
Sensing,Mental,Mental: Perspective,Perspective,experienc with
Sensing,Mental,Mental: Perspective,Perspective,explor
Sensing,Mental,Mental: Perspective,Perspective,face
Sensing,Mental,Mental: Perspective,Perspective,feel
Sensing,Mental,Mental: Perspective,Perspective,feel like
Sensing,Mental,Mental: Perspective,Perspective,felt
Sensing,Mental,Mental: Perspective,Perspective,made feel like
Sensing,Mental,Mental: Perspective,Perspective,do feel like
Sensing,Mental,Mental: Perspective,Perspective,find
Sensing,Mental,Mental: Perspective,Perspective,focus
Sensing,Mental,Mental: Perspective,Perspective,focus on
Sensing,Mental,Mental: Perspective,Perspective,found
Sensing,Mental,Mental: Perspective,Perspective,will have to find
Sensing,Mental,Mental: Perspective,Perspective,guid
Sensing,Mental,Mental: Perspective,Perspective,hear
Sensing,Mental,Mental: Perspective,Perspective,heard
Sensing,Mental,Mental: Perspective,Perspective,heard about
Sensing,Mental,Mental: Perspective,Perspective,be heard in
Sensing,Mental,Mental: Perspective,Perspective,could hear are
Sensing,Mental,Mental: Perspective,Perspective,would be want to hear
Sensing,Mental,Mental: Perspective,Perspective,was heard on
Sensing,Mental,Mental: Perspective,Perspective,inspir by
Sensing,Mental,Mental: Perspective,Perspective,introduc
Sensing,Mental,Mental: Perspective,Perspective,introduc dure
Sensing,Mental,Mental: Perspective,Perspective,go to tri
Sensing,Mental,Mental: Perspective,Perspective,look
Sensing,Mental,Mental: Perspective,Perspective,are look
Sensing,Mental,Mental: Perspective,Perspective,look after
Sensing,Mental,Mental: Perspective,Perspective,look around
Sensing,Mental,Mental: Perspective,Perspective,look at
Sensing,Mental,Mental: Perspective,Perspective,look out
Sensing,Mental,Mental: Perspective,Perspective,look with
Sensing,Mental,Mental: Perspective,Perspective,look around notic
Sensing,Mental,Mental: Perspective,Perspective,listen
Sensing,Mental,Mental: Perspective,Perspective,listening
Sensing,Mental,Mental: Perspective,Perspective,miss
Sensing,Mental,Mental: Perspective,Perspective,monitor
Sensing,Mental,Mental: Perspective,Perspective,notic
Sensing,Mental,Mental: Perspective,Perspective,notice
Sensing,Mental,Mental: Perspective,Perspective,notic in
Sensing,Mental,Mental: Perspective,Perspective,notic that
Sensing,Mental,Mental: Perspective,Perspective,observ
Sensing,Mental,Mental: Perspective,Perspective,observ that
Sensing,Mental,Mental: Perspective,Perspective,orient
Sensing,Mental,Mental: Perspective,Perspective,peek
Sensing,Mental,Mental: Perspective,Perspective,perceiv
Sensing,Mental,Mental: Perspective,Perspective,perceive
Sensing,Mental,Mental: Perspective,Perspective,pictur
Sensing,Mental,Mental: Perspective,Perspective,recal
Sensing,Mental,Mental: Perspective,Perspective,recogn
Sensing,Mental,Mental: Perspective,Perspective,recognis
Sensing,Mental,Mental: Perspective,Perspective,rediscov
Sensing,Mental,Mental: Perspective,Perspective,relat
Sensing,Mental,Mental: Perspective,Perspective,resembl
Sensing,Mental,Mental: Perspective,Perspective,reveal
Sensing,Mental,Mental: Perspective,Perspective,see are
Sensing,Mental,Mental: Perspective,Perspective,see around
Sensing,Mental,Mental: Perspective,Perspective,see in
Sensing,Mental,Mental: Perspective,Perspective,saw
Sensing,Mental,Mental: Perspective,Perspective,saw in
Sensing,Mental,Mental: Perspective,Perspective,saw with
Sensing,Mental,Mental: Perspective,Perspective,search
Sensing,Mental,Mental: Perspective,Perspective,search for
Sensing,Mental,Mental: Perspective,Perspective,see
Sensing,Mental,Mental: Perspective,Perspective,seek
Sensing,Mental,Mental: Perspective,Perspective,seem
Sensing,Mental,Mental: Perspective,Perspective,seem as
Sensing,Mental,Mental: Perspective,Perspective,seen
Sensing,Mental,Mental: Perspective,Perspective,have seen
Sensing,Mental,Mental: Perspective,Perspective,sense
Sensing,Mental,Mental: Perspective,Perspective,show
Sensing,Mental,Mental: Perspective,Perspective,shown
Sensing,Mental,Mental: Perspective,Perspective,sigh at
Sensing,Mental,Mental: Perspective,Perspective,smell
Sensing,Mental,Mental: Perspective,Perspective,smell like
Sensing,Mental,Mental: Perspective,Perspective,smell of
Sensing,Mental,Mental: Perspective,Perspective,sound
Sensing,Mental,Mental: Perspective,Perspective,sought
Sensing,Mental,Mental: Perspective,Perspective,has sought
Sensing,Mental,Mental: Perspective,Perspective,spot
Sensing,Mental,Mental: Perspective,Perspective,suit
Sensing,Mental,Mental: Perspective,Perspective,taste
Sensing,Mental,Mental: Perspective,Perspective,travel and see
Sensing,Mental,Mental: Perspective,Perspective,tune
Sensing,Mental,Mental: Perspective,Perspective,view
Sensing,Mental,Mental: Perspective,Perspective,watch
Sensing,Mental,Mental: Perspective,Perspective,widen
Sensing,Mental,Mental: Perspective,Perspective,valu go
Sensing,Mental,Mental: Perspective,Perspective,valu work
Sensing,Mental,Mental: Cognitive,Cognitive,accord
Sensing,Mental,Mental: Cognitive,Cognitive,argu
Sensing,Mental,Mental: Cognitive,Cognitive,argu at
Sensing,Mental,Mental: Cognitive,Cognitive,agree
Sensing,Mental,Mental: Cognitive,Cognitive,agre upon
Sensing,Mental,Mental: Cognitive,Cognitive,allow
Sensing,Mental,Mental: Cognitive,Cognitive,amount
Sensing,Mental,Mental: Cognitive,Cognitive,are about
Sensing,Mental,Mental: Cognitive,Cognitive,assert
Sensing,Mental,Mental: Cognitive,Cognitive,assum
Sensing,Mental,Mental: Cognitive,Cognitive,believ
Sensing,Mental,Mental: Cognitive,Cognitive,believe
Sensing,Mental,Mental: Cognitive,Cognitive,believ in
Sensing,Mental,Mental: Cognitive,Cognitive,remain believ
Sensing,Mental,Mental: Cognitive,Cognitive,bet
Sensing,Mental,Mental: Cognitive,Cognitive,brainstorm on
Sensing,Mental,Mental: Cognitive,Cognitive,calcul
Sensing,Mental,Mental: Cognitive,Cognitive,is calcul base on
Sensing,Mental,Mental: Cognitive,Cognitive,choos
Sensing,Mental,Mental: Cognitive,Cognitive,choos for
Sensing,Mental,Mental: Cognitive,Cognitive,choos if
Sensing,Mental,Mental: Cognitive,Cognitive,chose
Sensing,Mental,Mental: Cognitive,Cognitive,chosen
Sensing,Mental,Mental: Cognitive,Cognitive,compar
Sensing,Mental,Mental: Cognitive,Cognitive,concern
Sensing,Mental,Mental: Cognitive,Cognitive,concern about
Sensing,Mental,Mental: Cognitive,Cognitive,am concern
Sensing,Mental,Mental: Cognitive,Cognitive,am concern about
Sensing,Mental,Mental: Cognitive,Cognitive,conceptu
Sensing,Mental,Mental: Cognitive,Cognitive,comprehend
Sensing,Mental,Mental: Cognitive,Cognitive,behav and think
Sensing,Mental,Mental: Cognitive,Cognitive,are convinc that
Sensing,Mental,Mental: Cognitive,Cognitive,daydream
Sensing,Mental,Mental: Cognitive,Cognitive,determin
Sensing,Mental,Mental: Cognitive,Cognitive,decide
Sensing,Mental,Mental: Cognitive,Cognitive,decid
Sensing,Mental,Mental: Cognitive,Cognitive,decid on
Sensing,Mental,Mental: Cognitive,Cognitive,defin
Sensing,Mental,Mental: Cognitive,Cognitive,develop
Sensing,Mental,Mental: Cognitive,Cognitive,doubt
Sensing,Mental,Mental: Cognitive,Cognitive,dream
Sensing,Mental,Mental: Cognitive,Cognitive,escape
Sensing,Mental,Mental: Cognitive,Cognitive,expect
Sensing,Mental,Mental: Cognitive,Cognitive,forget
Sensing,Mental,Mental: Cognitive,Cognitive,forgot
Sensing,Mental,Mental: Cognitive,Cognitive,forgotten
Sensing,Mental,Mental: Cognitive,Cognitive,forgotten about
Sensing,Mental,Mental: Cognitive,Cognitive,have forgotten
Sensing,Mental,Mental: Cognitive,Cognitive,areget about
Sensing,Mental,Mental: Cognitive,Cognitive,guess
Sensing,Mental,Mental: Cognitive,Cognitive,have learn about
Sensing,Mental,Mental: Cognitive,Cognitive,hypnotis
Sensing,Mental,Mental: Cognitive,Cognitive,ignor
Sensing,Mental,Mental: Cognitive,Cognitive,imagin
Sensing,Mental,Mental: Cognitive,Cognitive,imagin do
Sensing,Mental,Mental: Cognitive,Cognitive,imagin from
Sensing,Mental,Mental: Cognitive,Cognitive,imagin were
Sensing,Mental,Mental: Cognitive,Cognitive,imagine
Sensing,Mental,Mental: Cognitive,Cognitive,can imagine
Sensing,Mental,Mental: Cognitive,Cognitive,intrigue
Sensing,Mental,Mental: Cognitive,Cognitive,judg
Sensing,Mental,Mental: Cognitive,Cognitive,judg by
Sensing,Mental,Mental: Cognitive,Cognitive,know
Sensing,Mental,Mental: Cognitive,Cognitive,know from
Sensing,Mental,Mental: Cognitive,Cognitive,know in
Sensing,Mental,Mental: Cognitive,Cognitive,know like
Sensing,Mental,Mental: Cognitive,Cognitive,do know
Sensing,Mental,Mental: Cognitive,Cognitive,do know if
Sensing,Mental,Mental: Cognitive,Cognitive,did know if
Sensing,Mental,Mental: Cognitive,Cognitive,doe know
Sensing,Mental,Mental: Cognitive,Cognitive,knew
Sensing,Mental,Mental: Cognitive,Cognitive,known
Sensing,Mental,Mental: Cognitive,Cognitive,learn
Sensing,Mental,Mental: Cognitive,Cognitive,learn from
Sensing,Mental,Mental: Cognitive,Cognitive,learn with
Sensing,Mental,Mental: Cognitive,Cognitive,learnt
Sensing,Mental,Mental: Cognitive,Cognitive,learn for
Sensing,Mental,Mental: Cognitive,Cognitive,learnt from
Sensing,Mental,Mental: Cognitive,Cognitive,have learn that
Sensing,Mental,Mental: Cognitive,Cognitive,mean
Sensing,Mental,Mental: Cognitive,Cognitive,meant
Sensing,Mental,Mental: Cognitive,Cognitive,must be
Sensing,Mental,Mental: Cognitive,Cognitive,neglect
Sensing,Mental,Mental: Cognitive,Cognitive,ponder
Sensing,Mental,Mental: Cognitive,Cognitive,predict
Sensing,Mental,Mental: Cognitive,Cognitive,puzzle
Sensing,Mental,Mental: Cognitive,Cognitive,tri to question
Sensing,Mental,Mental: Cognitive,Cognitive,realis
Sensing,Mental,Mental: Cognitive,Cognitive,have realis that
Sensing,Mental,Mental: Cognitive,Cognitive,realis that
Sensing,Mental,Mental: Cognitive,Cognitive,realiz
Sensing,Mental,Mental: Cognitive,Cognitive,realiz that
Sensing,Mental,Mental: Cognitive,Cognitive,have realiz that
Sensing,Mental,Mental: Cognitive,Cognitive,is about realiz that
Sensing,Mental,Mental: Cognitive,Cognitive,is realiz and understood that
Sensing,Mental,Mental: Cognitive,Cognitive,recap
Sensing,Mental,Mental: Cognitive,Cognitive,reckon
Sensing,Mental,Mental: Cognitive,Cognitive,reevalu
Sensing,Mental,Mental: Cognitive,Cognitive,reflect
Sensing,Mental,Mental: Cognitive,Cognitive,reflect on
Sensing,Mental,Mental: Cognitive,Cognitive,relearn
Sensing,Mental,Mental: Cognitive,Cognitive,rememb
Sensing,Mental,Mental: Cognitive,Cognitive,rememb at
Sensing,Mental,Mental: Cognitive,Cognitive,rememb be
Sensing,Mental,Mental: Cognitive,Cognitive,rememb from
Sensing,Mental,Mental: Cognitive,Cognitive,rememb have
Sensing,Mental,Mental: Cognitive,Cognitive,remind
Sensing,Mental,Mental: Cognitive,Cognitive,remind of
Sensing,Mental,Mental: Cognitive,Cognitive,will be rememb as
Sensing,Mental,Mental: Cognitive,Cognitive,review
Sensing,Mental,Mental: Cognitive,Cognitive,revis
Sensing,Mental,Mental: Cognitive,Cognitive,rethink
Sensing,Mental,Mental: Cognitive,Cognitive,risk
Sensing,Mental,Mental: Cognitive,Cognitive,sanction
Sensing,Mental,Mental: Cognitive,Cognitive,surprise
Sensing,Mental,Mental: Cognitive,Cognitive,strike
Sensing,Mental,Mental: Cognitive,Cognitive,studi
Sensing,Mental,Mental: Cognitive,Cognitive,taught
Sensing,Mental,Mental: Cognitive,Cognitive,think
Sensing,Mental,Mental: Cognitive,Cognitive,think about
Sensing,Mental,Mental: Cognitive,Cognitive,think believ
Sensing,Mental,Mental: Cognitive,Cognitive,think do
Sensing,Mental,Mental: Cognitive,Cognitive,think in
Sensing,Mental,Mental: Cognitive,Cognitive,think of
Sensing,Mental,Mental: Cognitive,Cognitive,am think of
Sensing,Mental,Mental: Cognitive,Cognitive,and think
Sensing,Mental,Mental: Cognitive,Cognitive,start think about
Sensing,Mental,Mental: Cognitive,Cognitive,thought
Sensing,Mental,Mental: Cognitive,Cognitive,thought of
Sensing,Mental,Mental: Cognitive,Cognitive,thought was
Sensing,Mental,Mental: Cognitive,Cognitive,took for grant
Sensing,Mental,Mental: Cognitive,Cognitive,understand
Sensing,Mental,Mental: Cognitive,Cognitive,understand about
Sensing,Mental,Mental: Cognitive,Cognitive,have understood that
Sensing,Mental,Mental: Cognitive,Cognitive,understood
Sensing,Mental,Mental: Cognitive,Cognitive,underlin
Sensing,Mental,Mental: Cognitive,Cognitive,wonder
Sensing,Mental,Mental: Cognitive,Cognitive,wonder has
Sensing,Mental,Mental: Cognitive,Cognitive,wonder if
Sensing,Mental,Mental: Desiderative,Desiderative,aim for
Sensing,Mental,Mental: Desiderative,Desiderative,aim for invest in
Sensing,Mental,Mental: Desiderative,Desiderative,achiev
Sensing,Mental,Mental: Desiderative,Desiderative,consid
Sensing,Mental,Mental: Desiderative,Desiderative,could
Sensing,Mental,Mental: Desiderative,Desiderative,could make
Sensing,Mental,Mental: Desiderative,Desiderative,could have been
Sensing,Mental,Mental: Desiderative,Desiderative,could be turn
Sensing,Mental,Mental: Desiderative,Desiderative,depriv of
Sensing,Mental,Mental: Desiderative,Desiderative,desire
Sensing,Mental,Mental: Desiderative,Desiderative,desires from
Sensing,Mental,Mental: Desiderative,Desiderative,die if
Sensing,Mental,Mental: Desiderative,Desiderative,do have to do
Sensing,Mental,Mental: Desiderative,Desiderative,doe have to
Sensing,Mental,Mental: Desiderative,Desiderative,doe have to search
Sensing,Mental,Mental: Desiderative,Desiderative,do have to stay
Sensing,Mental,Mental: Desiderative,Desiderative,do want to do
Sensing,Mental,Mental: Desiderative,Desiderative,do want to live
Sensing,Mental,Mental: Desiderative,Desiderative,dream of
Sensing,Mental,Mental: Desiderative,Desiderative,had to sign
Sensing,Mental,Mental: Desiderative,Desiderative,had to take
Sensing,Mental,Mental: Desiderative,Desiderative,intend
Sensing,Mental,Mental: Desiderative,Desiderative,gonna
Sensing,Mental,Mental: Desiderative,Desiderative,go for
Sensing,Mental,Mental: Desiderative,Desiderative,hope
Sensing,Mental,Mental: Desiderative,Desiderative,let
Sensing,Mental,Mental: Desiderative,Desiderative,live for
Sensing,Mental,Mental: Desiderative,Desiderative,may
Sensing,Mental,Mental: Desiderative,Desiderative,may have been
Sensing,Mental,Mental: Desiderative,Desiderative,might
Sensing,Mental,Mental: Desiderative,Desiderative,might lead
Sensing,Mental,Mental: Desiderative,Desiderative,plan
Sensing,Mental,Mental: Desiderative,Desiderative,prepar for
Sensing,Mental,Mental: Desiderative,Desiderative,pursue
Sensing,Mental,Mental: Desiderative,Desiderative,redistribut across
Sensing,Mental,Mental: Desiderative,Desiderative,regard
Sensing,Mental,Mental: Desiderative,Desiderative,refus
Sensing,Mental,Mental: Desiderative,Desiderative,reli
Sensing,Mental,Mental: Desiderative,Desiderative,resolve
Sensing,Mental,Mental: Desiderative,Desiderative,see if
Sensing,Mental,Mental: Desiderative,Desiderative,shall
Sensing,Mental,Mental: Desiderative,Desiderative,should
Sensing,Mental,Mental: Desiderative,Desiderative,should be
Sensing,Mental,Mental: Desiderative,Desiderative,should do
Sensing,Mental,Mental: Desiderative,Desiderative,should get
Sensing,Mental,Mental: Desiderative,Desiderative,should go
Sensing,Mental,Mental: Desiderative,Desiderative,should have
Sensing,Mental,Mental: Desiderative,Desiderative,should not get away and to be abl to walk away
Sensing,Mental,Mental: Desiderative,Desiderative,strive
Sensing,Mental,Mental: Desiderative,Desiderative,striving
Sensing,Mental,Mental: Desiderative,Desiderative,suppos
Sensing,Mental,Mental: Desiderative,Desiderative,tri to reach
Sensing,Mental,Mental: Desiderative,Desiderative,wanna
Sensing,Mental,Mental: Desiderative,Desiderative,want
Sensing,Mental,Mental: Desiderative,Desiderative,wait
Sensing,Mental,Mental: Desiderative,Desiderative,can wait until
Sensing,Mental,Mental: Desiderative,Desiderative,would
Sensing,Mental,Mental: Desiderative,Desiderative,would have been
Sensing,Mental,Mental: Desiderative,Desiderative,would like to go
Sensing,Mental,Mental: Desiderative,Desiderative,would love to go
Sensing,Mental,Mental: Desiderative,Desiderative, would like to be
Sensing,Mental,Mental: Desiderative,Desiderative,will
Sensing,Mental,Mental: Desiderative,Desiderative,wont
Sensing,Mental,Mental: Desiderative,Desiderative,wish
Sensing,Mental,Mental: Desiderative,Desiderative,would be
Sensing,Mental,Mental: Desiderative,Desiderative,would get
Sensing,Mental,Mental: Desiderative,Desiderative,would go
Sensing,Mental,Mental: Desiderative,Desiderative,would have
Sensing,Mental,Mental: Desiderative,Desiderative,would have to
Sensing,Mental,Mental: Desiderative,Desiderative,would have to buy
Sensing,Mental,Mental: Desiderative,Desiderative,would have to pay
Sensing,Mental,Mental: Desiderative,Desiderative,would like
Sensing,Mental,Mental: Desiderative,Desiderative,would like to
Sensing,Mental,Mental: Desiderative,Desiderative,would like to pursu
Sensing,Mental,Mental: Desiderative,Desiderative,would like to pursu without
Sensing,Mental,Mental: Desiderative,Desiderative,wont be
Sensing,Mental,Mental: Emotive,Emotive,am ok with
Sensing,Mental,Mental: Emotive,Emotive,accommod
Sensing,Mental,Mental: Emotive,Emotive,accept
Sensing,Mental,Mental: Emotive,Emotive,adore
Sensing,Mental,Mental: Emotive,Emotive,amaz
Sensing,Mental,Mental: Emotive,Emotive,annoy
Sensing,Mental,Mental: Emotive,Emotive,annoy at
Sensing,Mental,Mental: Emotive,Emotive,appeal
Sensing,Mental,Mental: Emotive,Emotive,appreci
Sensing,Mental,Mental: Emotive,Emotive,appreci be
Sensing,Mental,Mental: Emotive,Emotive,appreci by
Sensing,Mental,Mental: Emotive,Emotive,appreci have
Sensing,Mental,Mental: Emotive,Emotive,appreci listen
Sensing,Mental,Mental: Emotive,Emotive,bear with
Sensing,Mental,Mental: Emotive,Emotive,be care
Sensing,Mental,Mental: Emotive,Emotive,benefit
Sensing,Mental,Mental: Emotive,Emotive,cfor
Sensing,Mental,Mental: Emotive,Emotive,did bother
Sensing,Mental,Mental: Emotive,Emotive,doe bother
Sensing,Mental,Mental: Emotive,Emotive,bless
Sensing,Mental,Mental: Emotive,Emotive,bother
Sensing,Mental,Mental: Emotive,Emotive,brave
Sensing,Mental,Mental: Emotive,Emotive,calm
Sensing,Mental,Mental: Emotive,Emotive,care
Sensing,Mental,Mental: Emotive,Emotive,care about
Sensing,Mental,Mental: Emotive,Emotive,take care
Sensing,Mental,Mental: Emotive,Emotive,caress
Sensing,Mental,Mental: Emotive,captiv
Sensing,Mental,Mental: Emotive,Emotive,celebr
Sensing,Mental,Mental: Emotive,Emotive,celebr in
Sensing,Mental,Mental: Emotive,Emotive,celebr with
Sensing,Mental,Mental: Emotive,Emotive,cope
Sensing,Mental,Mental: Emotive,Emotive,cope with
Sensing,Mental,Mental: Emotive,Emotive,cri
Sensing,Mental,Mental: Emotive,Emotive,cri and cri
Sensing,Mental,Mental: Emotive,Emotive,cry
Sensing,Mental,Mental: Emotive,Emotive,dare
Sensing,Mental,Mental: Emotive,Emotive,defeat
Sensing,Mental,Mental: Emotive,Emotive,dedic
Sensing,Mental,Mental: Emotive,Emotive,delight
Sensing,Mental,Mental: Emotive,Emotive,demor
Sensing,Mental,Mental: Emotive,Emotive,depress
Sensing,Mental,Mental: Emotive,Emotive,deserv
Sensing,Mental,Mental: Emotive,Emotive,devot
Sensing,Mental,Mental: Emotive,Emotive,disgust
Sensing,Mental,Mental: Emotive,Emotive,am disappoint
Sensing,Mental,Mental: Emotive,Emotive,embrac
Sensing,Mental,Mental: Emotive,Emotive,embarrass
Sensing,Mental,Mental: Emotive,Emotive,encourag
Sensing,Mental,Mental: Emotive,Emotive,encourag by
Sensing,Mental,Mental: Emotive,Emotive,engag in
Sensing,Mental,Mental: Emotive,Emotive,enjoy
Sensing,Mental,Mental: Emotive,Emotive,enjoy do
Sensing,Mental,Mental: Emotive,Emotive,enjoy from
Sensing,Mental,Mental: Emotive,Emotive,enjoy go
Sensing,Mental,Mental: Emotive,Emotive,enjoy and seek
Sensing,Mental,Mental: Emotive,Emotive,enrich
Sensing,Mental,Mental: Emotive,Emotive,falter
Sensing,Mental,Mental: Emotive,Emotive,fanci
Sensing,Mental,Mental: Emotive,Emotive,fear
Sensing,Mental,Mental: Emotive,Emotive,fear in
Sensing,Mental,Mental: Emotive,Emotive,feel down
Sensing,Mental,Mental: Emotive,Emotive,feel for
Sensing,Mental,Mental: Emotive,Emotive,feel insecur scare
Sensing,Mental,Mental: Emotive,Emotive,feel remors
Sensing,Mental,Mental: Emotive,Emotive,felt worri for
Sensing,Mental,Mental: Emotive,Emotive,free
Sensing,Mental,Mental: Emotive,Emotive,favor
Sensing,Mental,Mental: Emotive,Emotive,hate
Sensing,Mental,Mental: Emotive,Emotive,will hate do
Sensing,Mental,Mental: Emotive,Emotive,heal
Sensing,Mental,Mental: Emotive,Emotive,heart
Sensing,Mental,Mental: Emotive,Emotive,hearten
Sensing,Mental,Mental: Emotive,Emotive,impress
Sensing,Mental,Mental: Emotive,Emotive,honor
Sensing,Mental,Mental: Emotive,Emotive,honour
Sensing,Mental,Mental: Emotive,Emotive,hurt
Sensing,Mental,Mental: Emotive,Emotive,interest in
Sensing,Mental,Mental: Emotive,Emotive,kiss
Sensing,Mental,Mental: Emotive,Emotive,love
Sensing,Mental,Mental: Emotive,Emotive,long for
Sensing,Mental,Mental: Emotive,Emotive,like
Sensing,Mental,Mental: Emotive,Emotive,made me cri
Sensing,Mental,Mental: Emotive,Emotive,mind
Sensing,Mental,Mental: Emotive,Emotive,mourn
Sensing,Mental,Mental: Emotive,Emotive,need
Sensing,Mental,Mental: Emotive,Emotive,nurtur
Sensing,Mental,Mental: Emotive,Emotive,panic
Sensing,Mental,Mental: Emotive,Emotive,piss
Sensing,Mental,Mental: Emotive,Emotive,pleas
Sensing,Mental,Mental: Emotive,Emotive,prais
Sensing,Mental,Mental: Emotive,Emotive,prefer
Sensing,Mental,Mental: Emotive,Emotive,provok
Sensing,Mental,Mental: Emotive,Emotive,prosper
Sensing,Mental,Mental: Emotive,Emotive,rage
Sensing,Mental,Mental: Emotive,Emotive,rage around
Sensing,Mental,Mental: Emotive,Emotive,regret
Sensing,Mental,Mental: Emotive,Emotive,rejoic in
Sensing,Mental,Mental: Emotive,Emotive,respect
Sensing,Mental,Mental: Emotive,Emotive,reward
Sensing,Mental,Mental: Emotive,Emotive,sad
Sensing,Mental,Mental: Emotive,Emotive,sadden
Sensing,Mental,Mental: Emotive,Emotive,scare
Sensing,Mental,Mental: Emotive,Emotive,am scare of
Sensing,Mental,Mental: Emotive,Emotive,shine as
Sensing,Mental,Mental: Emotive,Emotive,struggl and sacrif
Sensing,Mental,Mental: Emotive,Emotive,sympathis
Sensing,Mental,Mental: Emotive,Emotive,succeed
Sensing,Mental,Mental: Emotive,Emotive,suffer
Sensing,Mental,Mental: Emotive,Emotive,surpris
Sensing,Mental,Mental: Emotive,Emotive,terrifi
Sensing,Mental,Mental: Emotive,Emotive,terrifi of
Sensing,Mental,Mental: Emotive,Emotive,thrive
Sensing,Mental,Mental: Emotive,Emotive,treasur
Sensing,Mental,Mental: Emotive,Emotive,thank
Sensing,Mental,Mental: Emotive,Emotive,toler
Sensing,Mental,Mental: Emotive,Emotive,trust
Sensing,Mental,Mental: Emotive,Emotive,triumph
Sensing,Mental,Mental: Emotive,Emotive,upset
Sensing,Mental,Mental: Emotive,Emotive,valu
Sensing,Mental,Mental: Emotive,Emotive,weaken
Sensing,Mental,Mental: Emotive,Emotive,whine
Sensing,Mental,Mental: Emotive,Emotive,win
Sensing,Mental,Mental: Emotive,Emotive,win like
Sensing,Mental,Mental: Emotive,Emotive,won
Sensing,Mental,Mental: Emotive,Emotive,worri
Sensing,Mental,Mental: Emotive,Emotive,worri about
Sensing,Mental,Mental: Emotive,Emotive,are worri about